{
  "gameType": "SURVIVAL",
  "difficulty": "HARD",
  "cheats": true,
  "invited": [
    "dedcce7c-a100-44fb-84f4-8f0641f1525a",
    "f273fd9e-d1c1-4241-8733-93ce3d8ae4b9",
    "c9514b39-ae6b-428d-b265-32e737fe58f5",
    "8f7ef3cf-92ce-4418-bc0d-c033c21e2dee",
    "140d178a-2858-4fda-9678-696107d8868e"
  ],
  "shareResourcePack": false,
  "oppedPlayers": [
    "dedcce7c-a100-44fb-84f4-8f0641f1525a",
    "f273fd9e-d1c1-4241-8733-93ce3d8ae4b9",
    "c9514b39-ae6b-428d-b265-32e737fe58f5",
    "8f7ef3cf-92ce-4418-bc0d-c033c21e2dee",
    "140d178a-2858-4fda-9678-696107d8868e"
  ]
}